"song"	"artist"	"album"	"tags_id"
one part be my lover	bonnie raitt	luck of the draw	1
fool's game	bonnie raitt	silver lining	2
gnawin' on it	bonnie raitt	silver lining	3
i can't help you now	bonnie raitt	silver lining	4
i need love	bonnie raitt	fundamental	5
i'm on your side	bonnie raitt	fundamental	6
lover's will	bonnie raitt	fundamental	7
the fundamental things	bonnie raitt	fundamental	8
can't stop feeling	franz ferdinand	tonight: franz ferdinand	9
katherine kiss me	franz ferdinand	tonight: franz ferdinand	10
this fire	franz ferdinand	franz ferdinand	11
i'm your villain	franz ferdinand	you could have it so much better	12
the fallen	franz ferdinand	you could have it so much better	13
walk away	franz ferdinand	you could have it so much better	14
well that was easy	franz ferdinand	you could have it so much better	15
what you meant	franz ferdinand	you could have it so much better	16
route 66	chuck berry	one dozen berrys / juke box hits	17
sweet little sixteen	chuck berry	one dozen berrys / juke box hits	18
memphis tennessee	chuck berry	greatest hits	19
roll over beethoven	chuck berry	greatest hits	20
school day (ring ring goes the bell)	chuck berry	greatest hits	21
thirty days (to come back home)	chuck berry	greatest hits	22
back in the usa	chuck berry	his best,volume 2	23
no particular place to go	chuck berry	his best,volume 2	24
black dog	led zeppelin	remasters	25
in the evening	led zeppelin	remasters	26
trampled underfoot	led zeppelin	remasters	27
your time is gonna come	led zeppelin	led zeppelin	28
gallows pole	led zeppelin	led zeppelin iii	29
tangerine	led zeppelin	led zeppelin iii	30
that's the way	led zeppelin	led zeppelin iii	31
when the levee breaks	led zeppelin	led zeppelin (iv)	32
be bop a lula	jerry lee lewis	great balls of fire	33
crazy arms	jerry lee lewis	great balls of fire	34
good golly miss molly	jerry lee lewis	great balls of fire	35
lewis boogie	jerry lee lewis	great balls of fire	36
release me	jerry lee lewis	great balls of fire	37
break up	jerry lee lewis	the best of jerry lee lewis	38
drinkin' wine spo-dee-o-dee	jerry lee lewis	the best of jerry lee lewis	39
one minute past eternity	jerry lee lewis	the best of jerry lee lewis	40
more than a feeling (single version)	boston	then '70s totally oldies 6	41
spirit in the sky	norman greenbaum	then '70s totally oldies 6	42
do you believe in magic?	lovin' spoonful	remember...1965	43
keep searchin'	del shannon	remember...1965	44
everything i do	beyonce	fighting temptations the	45
fighting temptation	beyonce	fighting temptations the	46
summertime	beyonce	fighting temptations the	47
me myself and i	beyonce	dangerously in love	48
signs	beyonce	dangerously in love	49
the closer i get to you	beyonce	dangerously in love	50
work it out	beyonce	dangerously in love	51
wendy time	cure	wish	52
return	cure	wild mood swings	53
the 13th	cure	wild mood swings	54
this is a lie	cure	wild mood swings	55
treasure	cure	wild mood swings	56
give me it	cure	the top	57
the top	cure	the top	58
this here and now with you	cure	4:13 dream	59
everlasting love	love affair	hits of the years 1960 - 1975	60
love is all around	troggs	hits of the years 1960 - 1975	61
rainbow valley	love affair	hits of the years 1960 - 1975	62
brite side	deborah harry	harry deborah	63
dreaming	blondie	harry deborah	64
french kissin' in the usa	deborah harry	harry deborah	65
hanging on the telephone	blondie	harry deborah	66
i can see clearly	deborah harry	harry deborah	67
i want that man	deborah harry	harry deborah	68
in love with love (saw remix)	deborah harry	harry deborah	69
presence dear (i'm always touched by your)	blondie	harry deborah	70
divine	blondie	no exit	71
maria	blondie	no exit	72
night wind sent	blondie	no exit	73
no exit	blondie	no exit	74
nothing is real but the girl	blondie	no exit	75
applejack	dolly parton	the very best of dolly parton	76
baby i'm burnin'	dolly parton	the very best of dolly parton	77
coat of many colors	dolly parton	the very best of dolly parton	78
i will always love you	dolly parton	the very best of dolly parton	79
old flames can't hold a candle to you	dolly parton	the very best of dolly parton	80
both sides now	dolly parton	those were the days	81
crimson and clover	dolly parton	those were the days	82
where do the children play	dolly parton	those were the days	83
everyday	buddy holly	the first three albums	84
i'm changing all those changes	buddy holly	the first three albums	85
it's too late	buddy holly	the first three albums	86
modern don juan	buddy holly	the first three albums	87
ting a ling	buddy holly	the first three albums	88
you are my one desire	buddy holly	the first three albums	89
real wild child	buddy holly	that'll be the day/remember	90
that's what they say	buddy holly	that'll be the day/remember	91
forty days and forty nights	muddy waters	the great blues album	92
come see about me	supremes	bobby	93
never gonna break my faith	aretha franklin	bobby	94
no one left but bobby	mike nowark	bobby	95
the mindless menace of violence/on the mindless menace of vi	mike nowark	bobby	96
the tracks of my tears	miracles	bobby	97
augie's photos	rachel portman	smoke	98
downtown train	tom waits	smoke	99
hong kong	jay "screamin" hawkins	smoke	100
innocent when you dream (barroom)	tom waits	smoke	101
snow story	rachel portman	smoke	102
hound dog	no artist	nowhere boy	103
i put a spell on you	jay "screamin" hawkins	nowhere boy	104
in spite of all the danger	nowhere boys	nowhere boy	105
maggie may	nowhere boys	nowhere boy	106
all i need is your good loving	gloria gaynor	greatest hits	107
do it yourself (if you want it)	gloria gaynor	greatest hits	108
never can say goodbye	gloria gaynor	greatest hits	109
walk on by	gloria gaynor	greatest hits	110
we can start all over again	gloria gaynor	greatest hits	111
guess who	gloria gaynor	love affair	112
i'll apologize	gloria gaynor	love affair	113
love affair	gloria gaynor	love affair	114
city of blinding lights	u2	how to dismantle an atomic bomb	115
crumbs from your table	u2	how to dismantle an atomic bomb	116
original of the species	u2	how to dismantle an atomic bomb	117
stuck in a moment you can't get out of	u2	all that you can't leave behind	118
electrical storm (william orbit mix)	u2	the best of 1990-2000 & b-sides	119
lady with the spinning head (extended dance mix)	u2	the best of 1990-2000 & b-sides	120
one	u2	the best of 1990-2000 & b-sides	121
tryin' to throw your arms around the world	u2	achtung baby	122
1963	new order	substance 1987	123
hurt	new order	substance 1987	124
lonesome tonight	new order	substance 1987	125
state of the nation	new order	substance 1987	126
krafty	new order	waiting for the sirens' call	127
close range	new order	get ready	128
rock the shack	new order	get ready	129
age of consent (howie b. remix)	new order	the rest of new order	130
hear me lord	george harrison	all things must pass	131
i dig love	george harrison	all things must pass	132
my sweet lord	george harrison	all things must pass	133
what is life	george harrison	all things must pass	134
devil's radio	george harrison	cloud nine	135
just for today	george harrison	cloud nine	136
that's what it takes	george harrison	cloud nine	137
when we was fab	george harrison	cloud nine	138
blueberry hill	domino fats	greatest hits 50's	139
unforgettable	nat cole	greatest hits 50's	140
why do fools fall in love	frankie lymon and the teenagers	greatest hits 50's	141
love song	prince	like a prayer	142
pray for spanish eyes	madonna	like a prayer	143
why's it so hard	madonna	erotica	144
something to remember	madonna	something to remember	145
over and over	madonna	like a virgin	146
incredible	madonna	hard candy	147
voices	madonna	hard candy	148
get together	madonna	confessions on a dance floor	149
sky fits heaven	madonna	ray of light	150
down on the corner	creedence clearwater revival	the creedence clearwater revival collection	151
hey tonight	creedence clearwater revival	the creedence clearwater revival collection	152
it's just a thought	creedence clearwater revival	the creedence clearwater revival collection	153
born to move	creedence clearwater revival	chronicle vol. 2	154
suzie q	creedence clearwater revival	chronicle	155
cross-tie walker	creedence clearwater revival	green river	156
door to door	creedence clearwater revival	mardi gras	157
need someone to hold	creedence clearwater revival	mardi gras	158
i believe in you	bob dylan	slow train coming	159
man gave names to all the animals	bob dylan	slow train coming	160
i shall be released	bob dylan	the best of bob dylan	161
chimes of freedom	bob dylan	bob dylan's greatest hit vol. ii	162
it takes a lot to laugh it takes a train to cry	bob dylan	bob dylan's greatest hit vol. ii	163
masters of war	bob dylan	bob dylan's greatest hit vol. ii	164
little maggie	bob dylan	good as i been to you	165
bob your head	run dmc	back from hell	166
don't stop	run dmc	back from hell	167
rock show	run dmc	crown royal	168
simmons incorporated	run dmc	crown royal	169
it's tricky	run dmc	greatest hits 1983-1998	170
my adidas	run dmc	greatest hits 1983-1998	171
3 in the head	run dmc	down with the king	172
can i get a witness	run dmc	down with the king	173
chonnie-on-chon	james brown	liberty heights	174
darling je vous aime beaucoup	nat cole	liberty heights	175
if	louis armstrong	liberty heights	176
it's over	tom waits	liberty heights	177
putting on the dog	tom waits	liberty heights	178
young at heart	frank sinatra	liberty heights	179
abc (salaam remi remix)	jackson five	the remix suite	180
dancin' machine (polow remix)	jackson five	the remix suite	181
dancin' machine (steve aoki remix)	jackson five	the remix suite	182
hum along and dance (david morales giamsta mix)	jackson five	the remix suite	183
maybe tomorrow (sturken & rogers remix)	jackson five	the remix suite	184
never can say goodbye (the neptunes remix)	jackson five	the remix suite	185
time of the season	zombies	1969	186
when i was young	animals	1969	187
white room	cream	1969	188
go now	no artist	hits of the sixties	189
she's not there	zombies	hits of the sixties	190
with a little help from my friends	joe cocker	hits of the sixties	191
california earthquake	mama's & papa's	the fabulous mama's & papa's	192
creeque alley	mama's & papa's	the fabulous mama's & papa's	193
dancing in the street	mama's & papa's	the fabulous mama's & papa's	194
do you wanna dance	mama's & papa's	the fabulous mama's & papa's	195
i can't wait	mama's & papa's	the fabulous mama's & papa's	196
i saw her again last night	mama's & papa's	the fabulous mama's & papa's	197
somebody groovy	mama's & papa's	the fabulous mama's & papa's	198
caribou	pixies	death to the pixies	199
debaser	pixies	death to the pixies	200
dig for fire	pixies	death to the pixies	201
gigantic	pixies	death to the pixies	202
here comes your man	pixies	death to the pixies	203
monkey gone to heaven	pixies	death to the pixies	204
planet of sound	pixies	death to the pixies	205
velouria	pixies	death to the pixies	206
god made you for me	aaron neville	to make me who i am	207
sweet amelia	aaron neville	to make me who i am	208
the first time ever i saw your face	aaron neville	to make me who i am	209
yes i love you	aaron neville	to make me who i am	210
don't go please stay	aaron neville	warm your heart	211
don't fall apart on me tonight	aaron neville	the grand tour	212
ronnie-o	aaron neville	the grand tour	213
the bells	aaron neville	the grand tour	214
and she said take me now	justin timberlake	justified	215
like i love you	justin timberlake	justified	216
right for me	justin timberlake	justified	217
another song all over again	justin timberlake	futuresex/lovesounds	218
lovestoned/i think she knows (interlude)	justin timberlake	futuresex/lovesounds	219
my love	justin timberlake	futuresex/lovesounds	220
sexy ladies/let me talk to you (prelude)	justin timberlake	futuresex/lovesounds	221
summer love/set the mood (prelude)	justin timberlake	futuresex/lovesounds	222
blue monday	domino fats	tutti frutti	223
lucille	little richard	tutti frutti	224
roll over beethoven	carl perkins	tutti frutti	225
here we go loopty-loo	little richard	shake it all about	226
old macdonald	little richard	shake it all about	227
on top of spaghetti	little richard	shake it all about	228
she'll be coming round the mountain	little richard	shake it all about	229
when the saints go marching in	little richard	shake it all about	230
zip-a-dee-doo-dah	little richard	shake it all about	231
slippin' and slidin'	little richard	little richard vol. 1 - at his wildest	232
always on my mind	elvis presley	the essential collection	233
burning love	elvis presley	the essential collection	234
good luck charm	elvis presley	the essential collection	235
i want you i need you i love you	elvis presley	hound dog & other hits	236
too much	elvis presley	hound dog & other hits	237
wear my ring around your neck	elvis presley	hound dog & other hits	238
got a lot of livin' to do	elvis presley	the legend	239
lonesome cowboy	elvis presley	the legend	240
that's right	carl perkins	all time country hits vol. ii	241
today tomorrow and forever	patsy cline	all time country hits vol. ii	242
honky tonk merry go round	patsy cline	country and western volume 3	243
baby it's cold outside	rod stewart	stardust...the great american songbook vol. iii	244
every time we say goodbye	rod stewart	it had to be you... the great american songbook	245
it had to be you	rod stewart	it had to be you... the great american songbook	246
these foolish things	rod stewart	it had to be you... the great american songbook	247
charlie parker loves me	rod stewart	human	248
rebel heart	rod stewart	vagabond heart	249
it's a heartache	rod stewart	still the same...great rock classics of our time	250
love hurts	rod stewart	still the same...great rock classics of our time	251
judas	verve	forth	252
love is noise	verve	forth	253
rather be	verve	forth	254
sit and wonder	verve	forth	255
sonnet	verve	urban hymns	256
this time	verve	urban hymns	257
velvet morning	verve	urban hymns	258
weeping willow	verve	urban hymns	259
in dreams	roy orbison	in dreams: the greatest hits	260
oh pretty woman	roy orbison	in dreams: the greatest hits	261
coming home	roy orbison	king of hearts	262
i drove all night	roy orbison	king of hearts	263
we'll take the night	roy orbison	king of hearts	264
you're the one	roy orbison	king of hearts	265
i can't stop loving you	roy orbison	best-loved standards	266
almost eighteen	roy orbison	big "o"	267
center of the universe	eagles	long road out of eden	268
i love to watch a woman dance	eagles	long road out of eden	269
last good time in town	eagles	long road out of eden	270
no more walks in the wood	eagles	long road out of eden	271
what do i do with my heart	eagles	long road out of eden	272
life in the fast lane	eagles	the legend of eagles	273
lyin' eyes	eagles	the legend of eagles	274
one of these nights	eagles	the legend of eagles	275
family business	kanye west	the college dropout	276
never let me down	kanye west	the college dropout	277
school spirit	kanye west	the college dropout	278
spaceship	kanye west	the college dropout	279
bring me down	kanye west	late registration	280
gone	kanye west	late registration	281
heard 'em say	kanye west	late registration	282
charlena	los lobos	bamba la	283
come on let's go	los lobos	bamba la	284
donna	los lobos	bamba la	285
framed	los lobos	bamba la	286
good night my love (pleasant dreams)	los lobos	bamba la	287
la bamba	los lobos	bamba la	288
we belong together	los lobos	bamba la	289
who do you love	bo diddley	bamba la	290
black tongue	yeah yeah yeahs	fever to tell	291
date with the night	yeah yeah yeahs	fever to tell	292
maps	yeah yeah yeahs	fever to tell	293
y control	yeah yeah yeahs	fever to tell	294
dragon queen	yeah yeah yeahs	it's blitz!	295
little shadow	yeah yeah yeahs	it's blitz!	296
shame and fortune	yeah yeah yeahs	it's blitz!	297
soft shock	yeah yeah yeahs	it's blitz!	298
a child's claim to fame	buffalo springfield	wonder boys	299
not dark yet	bob dylan	wonder boys	300
blowin' in the wind	joan baez	forrest gump	301
break on through	doors	forrest gump	302
california dreamin'	mama's & papa's	forrest gump	303
for what it's worth	buffalo springfield	forrest gump	304
stoned love	supremes	forrest gump	305
black magic woman	santana	west coast rock	306
bluebird	buffalo springfield	west coast rock	307
cry baby	cheap trick	woke up with a monster	308
girlfriends	cheap trick	woke up with a monster	309
never run out of love	cheap trick	woke up with a monster	310
you're all i wanna do	cheap trick	woke up with a monster	311
heaven's falling	cheap trick	next position please	312
y.o.y.o.y.	cheap trick	next position please	313
i want you	cheap trick	one on one	314
cuttin' out	john lee hooker	the healer	315
the healer	john lee hooker	the healer	316
crawling king snake	john lee hooker	mr. lucky	317
frisco blues	john lee hooker	don't look back	318
serves me right to suffer/syndicator	john lee hooker	chill out	319
tupelo	john lee hooker	chill out	320
we'll meet again	john lee hooker	chill out	321
'til i kissed you	everly brothers	the very best of everly brosthers	322
be bop a lula	everly brothers	the very best of everly brosthers	323
cathy's clown	everly brothers	the very best of everly brosthers	324
devoted to you	everly brothers	the very best of everly brosthers	325
lucille	everly brothers	the very best of everly brosthers	326
maybe tomorrow	everly brothers	the very best of everly brosthers	327
poor jenny	everly brothers	the very best of everly brosthers	328
so sad (to watch good love go bad)	everly brothers	the very best of everly brosthers	329
gimme some lovin'	spencer davis group	notting hill	330
how can you mend a broken heart	al green	notting hill	331
you've got a way-notting hill remix	shania twain	notting hill	332
empty spaces	pink floyd	the wall	333
in the flesh?	pink floyd	the wall	334
not now john	pink floyd	the final cut	335
two suns in the sunset	pink floyd	the final cut	336
when the tigers broke free	pink floyd	the final cut	337
the dogs of war	pink floyd	a momentary lapse of reason	338
yet another movie/round and around	pink floyd	a momentary lapse of reason	339
on the run	pink floyd	dark side of the moon	340
god must be a boogie man - (orchestral version)	joni mitchell	travelogue	341
just like this train - (orchestral version)	joni mitchell	travelogue	342
love (i corinthias 13) - orchestral version	joni mitchell	travelogue	343
coyote	joni mitchell	hejira	344
impossible dreamer	joni mitchell	dog eat dog	345
tax free	joni mitchell	dog eat dog	346
the dry cleaner from des moines	joni mitchell	mingus	347
turbulent indigo	joni mitchell	turbulent indigo	348
4 my people	missy elliott	miss e so addictive	349
get ur freak on	missy elliott	miss e so addictive	350
old school joint	missy elliott	miss e so addictive	351
one minute man	missy elliott	miss e so addictive	352
whatcha gon' do	missy elliott	miss e so addictive	353
play that beat	missy elliott	under construction	354
work it (remix)	50 cent	under construction	355
irresistible delicious	missy elliott	the cookbook	356
partytime	missy elliott	the cookbook	357
ripcord	radiohead	pablo honey	358
high and dry	radiohead	the bends	359
just	radiohead	the bends	360
fitter happier	radiohead	ok computer	361
karma police	radiohead	ok computer	362
let down	radiohead	ok computer	363
subterranean homesick alien	radiohead	ok computer	364
the tourist	radiohead	ok computer	365
remember me?	eminem	the marshall mathers lp	366
stan	eminem	the marshall mathers lp	367
just lose it	eminem	encore	368
no love	eminem	recovery	369
seduction	eminem	recovery	370
talkin' 2 myself	eminem	recovery	371
if i had	eminem	the slim shady lp	372
my name is	eminem	the slim shady lp	373
ben escapes	hollywood studio symphony	skeleton key the	374
hoodoo woman	hollywood studio symphony	skeleton key the	375
iko iko	dixie cups	skeleton key the	376
saving ben	hollywood studio symphony	skeleton key the	377
thank you child	hollywood studio symphony	skeleton key the	378
the conjure room	hollywood studio symphony	skeleton key the	379
the skeleton key (opening titles)	hollywood studio symphony	skeleton key the	380
violet's story	hollywood studio symphony	skeleton key the	381
chapel of love	dixie cups	hits of the sixties - two	382
something special	earth wind & fire	powerlight	383
evolution orange	earth wind & fire	raise!	384
my love	earth wind & fire	raise!	385
this is how i feel	earth wind & fire	illumination	386
evil roy	earth wind & fire	touch the world	387
new horizons	earth wind & fire	touch the world	388
reasons	earth wind & fire	the best of earth,wind & fire	389
the "l" word	earth wind & fire	millennium	390
come and get these memories	vandellas	greatest hits	391
dancing in the street	vandellas	greatest hits	392
in my lonely room	vandellas	greatest hits	393
jimmy mack	vandellas	greatest hits	394
love (makes me do foolish thin	vandellas	greatest hits	395
love is like a heatwave	vandellas	greatest hits	396
motoring	vandellas	greatest hits	397
my baby loves me	vandellas	greatest hits	398
mr. brownstone	guns n' roses	appetite for destruction	399
sweet child o'mine	guns n' roses	appetite for destruction	400
think about you	guns n' roses	appetite for destruction	401
black leather	guns n' roses	the spaghetti incident	402
don't cry	guns n' roses	use your illusion i	403
dust n' bones	guns n' roses	use your illusion i	404
garden of eden	guns n' roses	use your illusion i	405
perfect crime	guns n' roses	use your illusion i	406
don't do me like that	tom petty	greatest hits	407
learning to fly	tom petty	greatest hits	408
listen to her heart	tom petty	greatest hits	409
time to move on	tom petty	wildflowers	410
too good to be true	tom petty	into the great wide open	411
i should have known it	tom petty	mojo	412
lover's touch	tom petty	mojo	413
lonesome sundown	tom petty	echo	414
dangerous tonight	alice cooper	hey stoopid	415
be my lover	alice cooper	the beast of alice cooper	416
billion dollar babies	alice cooper	the beast of alice cooper	417
no more mr nice guy	alice cooper	the beast of alice cooper	418
only women bleed	alice cooper	the beast of alice cooper	419
chop chop chop	alice cooper	raise your fist and yell	420
simple disobedience	alice cooper	constrictor	421
teenage frankenstein	alice cooper	constrictor	422
cry baby	janis joplin	the very best of janis joplin	423
down on me	janis joplin	the very best of janis joplin	424
get it while you can	janis joplin	the very best of janis joplin	425
kozmic blues	janis joplin	the very best of janis joplin	426
mary jane	janis joplin	the very best of janis joplin	427
move over	janis joplin	the very best of janis joplin	428
piece of my heart	janis joplin	the very best of janis joplin	429
try (just a little bit harder)	janis joplin	the very best of janis joplin	430
baby i love you	ronettes	the best of the ronettes	431
be my baby	ronettes	the best of the ronettes	432
born to be together	ronettes	the best of the ronettes	433
do i love you?	ronettes	the best of the ronettes	434
everything under the sun	ronettes	the best of the ronettes	435
how does it feel?	ronettes	the best of the ronettes	436
is this what i get for loving you	ronettes	the best of the ronettes	437
walking in the rain	ronettes	the best of the ronettes	438
ramblin' rose	nat cole	remember...1962	439
when my little girl is smiling	drifters	remember...1962	440
don't leave me this way	no artist	100 all time classic dance hit	441
you're more than a number in m	drifters	100 all time classic dance hit	442
absolute beginners	jam	the jam greatest hits	443
beat surrender	jam	the jam greatest hits	444
down in the tube station at mi	jam	the jam greatest hits	445
funeral pyre	jam	the jam greatest hits	446
in the city	jam	the jam greatest hits	447
precious	jam	the jam greatest hits	448
the modern world	jam	the jam greatest hits	449
town called malice	jam	the jam greatest hits	450
crystal blue persuasion	morcheeba	walk on the moon a	451
today	jefferson airplane	walk on the moon a	452
wishin' and hopin'	springfield dusty	walk on the moon a	453
ebb tide	righteous brothers	reunion	454
hung on you	righteous brothers	reunion	455
just once in my life	righteous brothers	reunion	456
my babe	righteous brothers	reunion	457
rock & roll heaven	righteous brothers	reunion	458
unchained melody	righteous brothers	reunion	459
unchained melody-timeless love extended	righteous brothers	reunion	460
you've lost that lovin' feelin	righteous brothers	reunion	461
honest i do	tina turner	love sessions	462
i'm a motherless child	tina turner	love sessions	463
mean old world	tina turner	love sessions	464
never been to spain	tina turner	love sessions	465
back where you started	tina turner	break every rule	466
do what you do	tina turner	wildest dreams	467
something beautiful remains	tina turner	wildest dreams	468
i want you near me	tina turner	simply the best	469
bad girl	new york dolls	new york dolls	470
frankenstein (original version)	new york dolls	new york dolls	471
looking for a kiss	new york dolls	new york dolls	472
personality crisis	new york dolls	new york dolls	473
private world	new york dolls	new york dolls	474
subway train	new york dolls	new york dolls	475
trash	new york dolls	new york dolls	476
vietnamese baby	new york dolls	new york dolls	477
third degree	eric clapton	from the cradle	478
last will and testament	eric clapton	the road to escondido	479
going down slow	eric clapton	pilgrim	480
knock on wood	eric clapton	behind the sun	481
one track mind	eric clapton	back home	482
run home to me	eric clapton	back home	483
little queen of spades	eric clapton	me and mr johnson	484
they re red hot	eric clapton	me and mr johnson	485
before time began	deep purple	rapture of the deep	486
girls like that	deep purple	rapture of the deep	487
holy man	deep purple	stormbringer	488
lady double dealer	deep purple	stormbringer	489
lay down stay down	deep purple	anthology	490
speed king	deep purple	anthology	491
you keep on movin'	deep purple	anthology	492
painted horse (studio out-take)	deep purple	who do we think we are	493
love is the answer	weezer	raditude	494
trippin' down the freeway	weezer	raditude	495
everybody get dangerous	weezer	red album	496
troublemaker	weezer	red album	497
my best friend	weezer	make believe	498
peace	weezer	make believe	499
perfect situation	weezer	make believe	500
this is such a pity	weezer	make believe	501
born to run	bruce springsteen	greatest hits	502
secret garden	bruce springsteen	greatest hits	503
surprise surprise	bruce springsteen	working on a dream	504
livin' in the future	bruce springsteen	magic	505
magic	bruce springsteen	magic	506
long time comin'	bruce springsteen	devils & dust	507
empty sky	bruce springsteen	the rising	508
waitin' on a sunny day	bruce springsteen	the rising	509
rise shine and give god the glory	dionne warwick	why we sing	510
show me the way	dionne warwick	why we sing	511
deja vu	dionne warwick	greatest hits 1979-1990	512
heartbreaker	dionne warwick	greatest hits 1979-1990	513
i'll never love this way again	dionne warwick	greatest hits 1979-1990	514
it makes no difference	dionne warwick	heartbreaker	515
you are my love	dionne warwick	heartbreaker	516
two ships passing in the night	dionne warwick	how many times can we say good	517
'tain't nobody's business if i do	sam cooke	for sentimental reasons	518
for sentimental reasons	sam cooke	for sentimental reasons	519
let's go steady again	sam cooke	for sentimental reasons	520
so long	sam cooke	for sentimental reasons	521
chain gang	sam cooke	wonderful world	522
having a party	sam cooke	wonderful world	523
only sixteen	sam cooke	wonderful world	524
sad moon	sam cooke	wonderful world	525
goodbye yellow brick road	elton john	the very best of elton john	526
kiss the bride	elton john	the very best of elton john	527
philadelphia freedom	elton john	the very best of elton john	528
candy by the pound	elton john	ice on fire	529
satellite	elton john	ice on fire	530
fascist faces	elton john	the fox	531
return to paradise	elton john	a single man	532
shooting star	elton john	a single man	533
rock 'n' roll star	oasis	definitely maybe	534
supersonic	oasis	definitely maybe	535
up in the sky	oasis	definitely maybe	536
fade in-out	oasis	be here now	537
stand by me	oasis	be here now	538
fade away	oasis	the masterplan	539
stay young	oasis	the masterplan	540
she's electric	oasis	what's the story morning glory	541
just can't get enough	depeche mode	the singles 81-85	542
fragile tension	depeche mode	sounds of the universe	543
in chains	depeche mode	sounds of the universe	544
never let me down again (aggro mix)	depeche mode	music for the masses	545
pleasure little treasure (glitter mix)	depeche mode	music for the masses	546
ice machine	depeche mode	speak & spell	547
nothing to fear	depeche mode	a broken frame	548
when the body speaks	depeche mode	exciter	549
brand new cadillac	clash	london calling	550
hateful	clash	london calling	551
london calling	clash	london calling	552
revolution rock	clash	london calling	553
safe european home	clash	the story of the clash volume 1	554
cheapskates	clash	give 'em enough rope	555
guns on the roof	clash	give 'em enough rope	556
the crooked beat	clash	sandinista!	557
don't stop	fleetwood mac	greatest hits	558
i loved another woman	fleetwood mac	the collection	559
lazy poker blues	fleetwood mac	the collection	560
love that burns	fleetwood mac	the collection	561
someone's gonna get their head	fleetwood mac	the collection	562
hollywood (some other kind of town)	fleetwood mac	time	563
freedom	fleetwood mac	behind the mask	564
love is dangerous	fleetwood mac	behind the mask	565
come home baby	wilson pickett	a man and a half	566
fire and water	wilson pickett	a man and a half	567
funky broadway	wilson pickett	a man and a half	568
you can't stand alone	wilson pickett	a man and a half	569
your love has brought me a mighty long way	wilson pickett	a man and a half	570
all about sex	wilson pickett	it's harder now	571
it ain't easy	wilson pickett	it's harder now	572
taxi love	wilson pickett	it's harder now	573
fido	byrds	ballad of easy rider	574
jesus is just alright	byrds	ballad of easy rider	575
oil in my lamp	byrds	ballad of easy rider	576
there must be someone	byrds	ballad of easy rider	577
all i really want to do	byrds	greatest hits	578
chimes of freedom	byrds	greatest hits	579
feel a whole lot better	byrds	greatest hits	580
mr tambourine man	byrds	greatest hits	581
do you know where you're going to	diana ross	motown's greatest hits	582
i'm still waiting	diana ross	motown's greatest hits	583
reflections	diana ross	motown's greatest hits	584
stop in the name of love	diana ross	motown's greatest hits	585
touch me in the morning	diana ross	motown's greatest hits	586
where did our love go	diana ross	motown's greatest hits	587
you keep me hangin' on	diana ross	motown's greatest hits	588
help yourself	amy winehouse	frank	589
i heard love is blind/teo licks	amy winehouse	frank	590
in my bed	amy winehouse	frank	591
intro/stronger than me	amy winehouse	frank	592
what it is about men	amy winehouse	frank	593
just friend	amy winehouse	back to black	594
me & mr jones	amy winehouse	back to black	595
tears dry on their own	amy winehouse	back to black	596
taxman	beatles	revolver	597
come together	beatles	abbey road	598
she came in through the bathroom window	beatles	abbey road	599
hello goodbye	beatles	magical mystery tour	600
the fool on the hill	beatles	magical mystery tour	601
dig a pony	beatles	let it be	602
hey bulldog	beatles	yellow submarine	603
getting better	beatles	sgt.pepper's lonely hearts club band	604
dance little sister	rolling stones	it's only rock'n roll	605
fingerprint file	rolling stones	it's only rock'n roll	606
till the next goodbye	rolling stones	it's only rock'n roll	607
19th nervous breakdown	rolling stones	forty licks	608
she's a rainbow	rolling stones	forty licks	609
stealing my heart	rolling stones	forty licks	610
undercover of the night	rolling stones	forty licks	611
come as you are	nirvana	nevermind	612
lithium	nirvana	nevermind	613
stay away	nirvana	nevermind	614
pennyroyal tea	nirvana	in utero	615
radio friendly unit shifter	nirvana	in utero	616
scentless apprentice	nirvana	in utero	617
beeswax	nirvana	incesticide	618
big long now	nirvana	incesticide	619
for taking the trouble	jackson browne	the naked ride home	620
my stunning mystery companion	jackson browne	the naked ride home	621
culver moon	jackson browne	looking east	622
information wars	jackson browne	looking east	623
it is one	jackson browne	looking east	624
farther on	jackson browne	late for the sky	625
fountain of sorrow	jackson browne	late for the sky	626
late for the sky	jackson browne	late for the sky	627
ain't that a shame	domino fats	blueberry hill	628
blueberry hill	domino fats	blueberry hill	629
heart break hill	domino fats	blueberry hill	630
kansas city	domino fats	blueberry hill	631
let the four winds blow	domino fats	blueberry hill	632
so long	domino fats	blueberry hill	633
hot pants (pt.1)	james brown	star time disc 3 - soul brother no. 1	634
king heroin	james brown	star time disc 3 - soul brother no. 1	635
money won't change you	james brown	star time disc 2 - the hardest working man in show	636
papa's got a brand new bag (pt.1)	james brown	star time disc 2 - the hardest working man in show	637
prisoner of love	james brown	star time disc 1 - mr. dynamite	638
tell me what i did wrong	james brown	star time disc 1 - mr. dynamite	639
why do you do me	james brown	star time disc 1 - mr. dynamite	640
ann rosie	chubby checker	chubby checker	641
let's do the freddie	chubby checker	chubby checker	642
let's limbo some more	chubby checker	chubby checker	643
let's twist again	chubby checker	chubby checker	644
popeye the hitchiker	chubby checker	chubby checker	645
the fly	chubby checker	chubby checker	646
the hucklebuck	chubby checker	chubby checker	647
twist it up	chubby checker	chubby checker	648
ignorance is bliss	ramones	brain drain	649
zero zero ufo	ramones	brain drain	650
apeman hop	ramones	animal boy	651
love kills	ramones	animal boy	652
somebody put something in my drink	ramones	animal boy	653
we're a happy family	ramones	rocket to russia	654
let's go	ramones	end of the century	655
journey to the center of the mind	ramones	acid eaters	656
born to be wild	steppenwolf	easy rider	657
the pusher	steppenwolf	easy rider	658
god knows i'm good	david bowie	space oddity	659
port of amsterdam	david bowie	pin ups	660
shapes of things	david bowie	pin ups	661
d.j.	david bowie	the singles collection	662
day in day out	david bowie	the singles collection	663
black country rock	david bowie	the man who sold the world	664
hallucination	trevor jones	labyrinth - dove tutto e' possibile	665
into the labyrinth	trevor jones	labyrinth - dove tutto e' possibile	666
labyrinth (opening titles including underground)	trevor jones	labyrinth - dove tutto e' possibile	667
sarah	trevor jones	labyrinth - dove tutto e' possibile	668
the goblin battle	trevor jones	labyrinth - dove tutto e' possibile	669
thirteen o'clock	trevor jones	labyrinth - dove tutto e' possibile	670
within you	david bowie	labyrinth - dove tutto e' possibile	671
without you	david bowie	let's dance	672
corpus christi carol (for roy)	jeff buckley	grace	673
lover you should've come over	jeff buckley	grace	674
mojo pin	jeff buckley	grace	675
demon john	jeff buckley	sketches for my sweetheart the drunk	676
gunshot glitter	jeff buckley	sketches for my sweetheart the drunk	677
haven't you heard	jeff buckley	sketches for my sweetheart the drunk	678
vancouver	jeff buckley	sketches for my sweetheart the drunk	679
witches' rave	jeff buckley	sketches for my sweetheart the drunk	680
brain of j.	pearl jam	yield	681
gods' dice	pearl jam	binaural	682
light years	pearl jam	binaural	683
parting ways	pearl jam	binaural	684
gonna see my friend	pearl jam	back spacer	685
black	pearl jam	ten	686
porch	pearl jam	ten	687
nothingman	pearl jam	vitalogy	688
do you wanna dance	john lennon	lennon 3	689
i saw her standing there	john lennon	lennon 3	690
lucy in the sky with diamonds	john lennon	lennon 3	691
whatever gets you thru the night	john lennon	lennon 3	692
how	john lennon	imagine	693
john sinclair	john lennon	lennon 2	694
woman is the nigger of the world	john lennon	lennon 2	695
i found out	john lennon	lennon 1	696
charity case	gnarls barkley	the odd couple	697
run (i'm a natural disaster)	gnarls barkley	the odd couple	698
surprise	gnarls barkley	the odd couple	699
would be killer	gnarls barkley	the odd couple	700
crazy	gnarls barkley	st. elsewhere	701
gone daddy gone	gnarls barkley	st. elsewhere	702
storm coming	gnarls barkley	st. elsewhere	703
who cares?	gnarls barkley	st. elsewhere	704
is your god a dog	public enemy	he got game	705
unstoppable	public enemy	he got game	706
what you need is jesus	public enemy	he got game	707
make it hardcore	public enemy	rebirth of a nation	708
rebirth of a nation	public enemy	rebirth of a nation	709
rise	public enemy	rebirth of a nation	710
party for your right to fight (blak wax metromixx)	public enemy	greatest misses	711
crash	public enemy	there's a poison goin on...	712
green onions	booker t.& the mg's	get shorty	713
white light/white heat	velvet underground	white light/white heat	714
all tomorrow's parties	velvet underground	the velvet underground & nico	715
femme fatale	velvet underground	the velvet underground & nico	716
i'll be your mirror	velvet underground	the velvet underground & nico	717
run run run	velvet underground	the velvet underground & nico	718
sunday morning	velvet underground	the velvet underground & nico	719
the black angel's death song	velvet underground	the velvet underground & nico	720
ride into the sun	velvet underground	another view	721
hollywood	beyonce	kingdom come	722
kingdom come	jay z	kingdom come	723
the prelude	jay z	kingdom come	724
american gangster	jay z	american gangster	725
hard knock life (ghetto anthem)	jay z	vol 2: hard knock life	726
watch me	jay z	vol 3... life and times of s carter	727
song cry	jay z	the blueprint	728
u don't know	jay z	the blueprint	729
already home	jay z	the blueprint 3	730
hate	kanye west	the blueprint 3	731
artificial flowers	bobby darin	the bobby darin story	732
bill bailey won't you please come home?	bobby darin	the bobby darin story	733
clementine	bobby darin	the bobby darin story	734
dream lover	bobby darin	the bobby darin story	735
mack the knife	bobby darin	the bobby darin story	736
plain jane	bobby darin	the bobby darin story	737
queen of the hop	bobby darin	the bobby darin story	738
splish splash	bobby darin	the bobby darin story	739
country woman	bee gees	a history in song 1967-1990	740
jumbo	bee gees	a history in song 1967-1990	741
morning of my life	bee gees	a history in song 1967-1990	742
sir geoffrey saved the world	bee gees	a history in song 1967-1990	743
too much heaven	bee gees	a history in song 1967-1990	744
you should be dancing (long remix version)	bee gees	a history in song 1967-1990	745
how to fall in love (pt. 1)	bee gees	size isn't everything	746
i have decided to join the airforce	bee gees	idea	747
ask the lonely	four tops	four tops	748
bernardette	four tops	four tops	749
if i were a carpenter	four tops	four tops	750
just seven numbers (can straighten out my life)	four tops	four tops	751
reach out i'll be there	four tops	four tops	752
something about you	four tops	four tops	753
standing in the shadows of love	four tops	four tops	754
yesterday's dreams	four tops	four tops	755
in the still of the night	five satins	dirty dancing (balli proibiti)	756
our bright future	tracy chapman	our bright future	757
sing for you	tracy chapman	our bright future	758
spring	tracy chapman	our bright future	759
subcity	tracy chapman	crossroads	760
new beginning	tracy chapman	new beginning	761
dreaming on a world	tracy chapman	matters of the heart	762
broken	tracy chapman	let it rain	763
in the dark	tracy chapman	let it rain	764
look a little on the sunnyside	kinks	everybody's in showbiz	765
unreal reality	kinks	everybody's in showbiz	766
too much on my mind	kinks	face to face	767
get back in line	kinks	the kink kronikles	768
babies	kinks	phobia	769
close to the wire	kinks	phobia	770
it's alright (don't think about it)	kinks	phobia	771
phobia	kinks	phobia	772
dime store mistery	lou reed	new york	773
good evening mr. waldheim	lou reed	new york	774
high in the city	lou reed	new sensations	775
turn to me	lou reed	new sensations	776
goodby mass - in a chapel bodily termination	lou reed	magic and loss	777
magic and loss - the summation	lou reed	magic and loss	778
baton rouge	lou reed	ecstasy	779
mystic child	lou reed	ecstasy	780
mustang instrumental	prince	the beautiful experience	781
alphabet street	prince	the hits/the b-sides	782
controversy	prince	the hits/the b-sides	783
cream	prince	the hits/the b-sides	784
dirty mind	prince	the hits/the b-sides	785
la la la he he hee	prince	the hits/the b-sides	786
uptown	prince	the hits/the b-sides	787
21 questions	50 cent	get rich or die tryin'	788
if i can't	50 cent	get rich or die tryin'	789
u not like me	50 cent	get rich or die tryin'	790
disco inferno	50 cent	the massacre	791
i don't need em	50 cent	the massacre	792
piggy bank	50 cent	the massacre	793
position of power	50 cent	the massacre	794
make love	daft punk	human after all	795
daftendirekt	daft punk	homework	796
fresh	daft punk	homework	797
crescendolls (laidback luke remix)	daft punk	daft club	798
face to face (demon remix)	daft punk	daft club	799
harder better faster stronger (the neptunes remix)	daft punk	daft club	800
face to face	daft punk	discovery	801
veridis quo	daft punk	discovery	802
crawling king snake	doors	l.a. woman	803
indian summer	doors	morrison hotel	804
land ho!	doors	morrison hotel	805
five to one	doors	waiting for the sun	806
love street	doors	waiting for the sun	807
tell all the people	doors	the soft parade	808
touch me	doors	the soft parade	809
eat starch mom	jefferson airplane	2400 fulton street - the cd collection	810
good shepherd	jefferson airplane	2400 fulton street - the cd collection	811
greasy heart	jefferson airplane	2400 fulton street - the cd collection	812
have you seen the saucers	jefferson airplane	2400 fulton street - the cd collection	813
mexico	jefferson airplane	2400 fulton street - the cd collection	814
wild tyme	jefferson airplane	2400 fulton street - the cd collection	815
wooden ships	jefferson airplane	2400 fulton street - the cd collection	816
no love without changes	jerry butler	soul searchin'	817
please send me someone to love	no artist	soul searchin'	818
simply beautiful	jerry butler	soul searchin'	819
rapper's delight	sugarhill gang	house on fire vol. 3	820
never too late	kyle minogue	top pop 90	821
i feel free	cream	the very best of cream	822
n.s.u.	cream	the very best of cream	823
spoonful	cream	the very best of cream	824
strange brew	cream	the very best of cream	825
swlabr	cream	the very best of cream	826
we're going wrong	cream	the very best of cream	827
wrapping paper	cream	the very best of cream	828
black magic woman	santana	the golden era of pop music  volume 3	829
everlasting love	love affair	the golden era of pop music  volume 3	830
roll away the stone	mott the hoople	the golden era of pop music  volume 3	831
all the young dudes	mott the hoople	the golden era pop music vol i	832
samba pa ti	santana	the golden era pop music vol i	833
politik	coldplay	a rush of blood to the head	834
swallowed in the sea	coldplay	x&y	835
the hardest part	coldplay	x&y	836
white shadows	coldplay	x&y	837
lost!	coldplay	viva la vida or death and all his friends	838
violet hill	coldplay	viva la vida or death and all his friends	839
yes	coldplay	viva la vida or death and all his friends	840
high speed	coldplay	parachutes	841
am i the man	jackie wilson	reet petite	842
i know i'll always be in love	jackie wilson	reet petite	843
i'll be satisfied	jackie wilson	reet petite	844
reet petite	jackie wilson	reet petite	845
so much	jackie wilson	reet petite	846
talk that talk	jackie wilson	reet petite	847
to be loved	jackie wilson	reet petite	848
i'm crying	animals	greatest hits	849
i'm mad again	animals	greatest hits	850
road runner	animals	greatest hits	851
story of bo diddley	animals	greatest hits	852
crystal nights	animals	ark	853
hard times	animals	ark	854
loose change	animals	ark	855
dancing queen	abba	the abba story	856
knowing me knowing you	abba	the abba story	857
s.o.s.	abba	the abba story	858
lovelight	abba	more abba gold more abba hits	859
so long	abba	more abba gold more abba hits	860
under attack	abba	more abba gold more abba hits	861
arrival	abba	the collection	862
dance (while the music still goes on)	abba	the collection	863
tighten up	archie bell	talk to me	864
25th floor	patti smith	easter	865
ghost dance	patti smith	easter	866
space monkey	patti smith	easter	867
till victory	patti smith	easter	868
seven ways of going	patti smith	wave	869
wave	patti smith	wave	870
distant fingers	patti smith	radio ethiopia	871
pissing in a river	patti smith	radio ethiopia	872
bad day	r.e.m.	in time - the best of r.e.m. 1988-2003	873
the sidewinder sleeps tonite	r.e.m.	in time - the best of r.e.m. 1988-2003	874
miracle	r.e.m.	man on the moon	875
rose-marie	andy kaufman	man on the moon	876
airportman	r.e.m.	up	877
hollow man	r.e.m.	accelerate	878
country feedback	r.e.m.	out of time	879
binky the doormat	r.e.m.	new adventures in hi-fi	880
departure	r.e.m.	new adventures in hi-fi	881
dangerous mood	joe cocker	deuces wild	882
keep it coming	b.b. king	deuces wild	883
paying the cost to be the boss	rolling stones	deuces wild	884
double trouble	b.b. king	six silver strings	885
my guitar sings the blues	b.b. king	six silver strings	886
six silver strings	b.b. king	six silver strings	887
little by little	b.b. king	blues summit	888
we're gonna make it	b.b. king	blues summit	889
you shook me	john lee hooker	blues summit	890
roll roll roll	b.b. king	there is always one more time	891
caldonia	b.b. king	the best of b.b. king	892
brigidine diana	sinead o'connor	she who dwells in the secret place of the most...	893
jump in the river	sinead o'connor	i do not want what i haven't got	894
three babies	sinead o'connor	i do not want what i haven't got	895
jah nuh dead (dub version)	sinead o'connor	throw down your arms	896
vampire (dub version)	sinead o'connor	throw down your arms	897
y mas gan (dub version)	sinead o'connor	throw down your arms	898
black coffee	sinead o'connor	am i not your girl?	899
success has made a failure of our home	sinead o'connor	am i not your girl?	900
409	beach boys	16 superhits	901
help me rhonda	beach boys	16 superhits	902
i get around	beach boys	16 superhits	903
wouldn't it be nice	beach boys	16 superhits	904
balboa blue	beach boys	surfer girl	905
blueberry hill	beach boys	15 big ones / love you	906
everyone's in love with you	beach boys	15 big ones / love you	907
love is a woman	beach boys	15 big ones / love you	908
my life	billy joel	greatest hits vol. ii	909
uptown girl	billy joel	greatest hits vol. ii	910
you may be right	billy joel	greatest hits vol. ii	911
a matter of trust	billy joel	greatest hits volume iii	912
an innocent man	billy joel	greatest hits volume iii	913
we didn't start the fire	billy joel	greatest hits volume iii	914
new york state of mind	billy joel	greatest hits volume i 1973-19	915
say goodbye to hollywood	billy joel	greatest hits volume i 1973-19	916
knucklehead	iggy pop	naughty little doggie	917
pussy walk	iggy pop	naughty little doggie	918
death is certain	iggy pop	beat em up	919
ugliness	iggy pop	beat em up	920
inferiority complex	iggy pop	skull ring	921
private hell	green day	skull ring	922
butt town	iggy pop	brick by brick	923
cry for love	iggy pop	nude & rude: the best of iggy pop	924
nightclubbing	iggy pop	nude & rude: the best of iggy pop	925
if ever i see you again	roberta flack	the best of roberta flack	926
jesse	roberta flack	the best of roberta flack	927
his name brazil	roberta flack	oasis	928
oasis	roberta flack	oasis	929
shock to my system	roberta flack	oasis	930
uh uh ooh ooh look out (here ii comes)	roberta flack	oasis	931
conversation love	roberta flack	killing me softly	932
i'm the girl	roberta flack	killing me softly	933
callin' out my name	del shannon	rock on!	934
i go to pieces	del shannon	rock on!	935
i got you	del shannon	rock on!	936
let's dance	del shannon	rock on!	937
lost in a memory	del shannon	rock on!	938
walk away	del shannon	rock on!	939
when i had you	del shannon	rock on!	940
this magic moment/dance with me	rick james	rock rhythm & blues	941
love's unkind	donna summer	the best of donna summer	942
on the radio	donna summer	the best of donna summer	943
this time i know it's for real	donna summer	the best of donna summer	944
winter melody	donna summer	four seasons of love	945
carry on	donna summer	the donna summer anthology	946
i feel love	donna summer	the donna summer anthology	947
love to love you baby	donna summer	the donna summer anthology	948
try me i know we can make it	donna summer	the donna summer anthology	949
back on my feet again	randy newman	good old boys	950
guilty	randy newman	good old boys	951
louisiana 1927	randy newman	good old boys	952
marie	randy newman	good old boys	953
naked man	randy newman	good old boys	954
rollin'	randy newman	good old boys	955
i think it's going to rain today	randy newman	the randy newman songbook - vol.1	956
the great nations of europe	randy newman	the randy newman songbook - vol.1	957
my world	metallica	st. anger	958
battery	metallica	master of puppets	959
through the never	metallica	metallica	960
whiplash	metallica	kill 'em all	961
slither	metallica	reload	962
cure	metallica	load	963
mama said	metallica	load	964
poor twisted me	metallica	load	965
it's time	elvis costello	all this useless beauty	966
my little blue window	elvis costello	when i was cruel	967
hidden shame	elvis costello	secret profane & sugarcane	968
i felt the chill before the winter come	elvis costello	secret profane & sugarcane	969
international echo	elvis costello	the river in reverse	970
six-fingered man	elvis costello	the river in reverse	971
hurry down doomsday (the bugs are taking over)	elvis costello	mighty like a rose	972
harry worth	elvis costello	momofuku	973
all i need	al green	lay it down	974
i'm wild about you	al green	lay it down	975
lay it down	al green	lay it down	976
no one like you	al green	lay it down	977
standing in the rain	al green	lay it down	978
too much	al green	lay it down	979
you've got the love i need	al green	lay it down	980
louie louie	kingsmen	american graffiti more america	981
stagger lee	no artist	american graffiti more america	982
aint that too much	gene vincent	bebopalula	983
born to be a rolling stone	gene vincent	bebopalula	984
hurtin' for you baby	gene vincent	bebopalula	985
i'm a lonesome fugitive	gene vincent	bebopalula	986
lonely street	gene vincent	bebopalula	987
love is a bird	gene vincent	bebopalula	988
ruby baby	gene vincent	bebopalula	989
say mama	gene vincent	bebopalula	990
american dream	jimmy cliff	the power and the glory	991
power and the glory	jimmy cliff	the power and the glory	992
reggae nights	jimmy cliff	the power and the glory	993
roots woman	jimmy cliff	the power and the glory	994
all for love	jimmy cliff	journey of a lifetime	995
learn to love	jimmy cliff	journey of a lifetime	996
rubber ball	jimmy cliff	journey of a lifetime	997
super bad	jimmy cliff	journey of a lifetime	998
carrie	europe	the best 100 love songs	999
don't dream it's over	paul young	the best 100 love songs	1000
everytime you go away	paul young	the best 100 love songs	1001
i love you much too much	santana	the best 100 love songs	1002
i'm in love	aretha franklin	the best 100 love songs	1003
it's only love	simply red	the best 100 love songs	1004
love me tender	percy sledge	the best 100 love songs	1005
my girl	otis redding	the best 100 love songs	1006
sweet love	no artist	the best 100 love songs	1007
time after time	cindy lauper	the best 100 love songs	1008
trapped	all saints	the best 100 love songs	1009
true colors	cindy lauper	the best 100 love songs	1010
waiting for a girl like you	foreigner	the best 100 love songs	1011
all along the watchtower	jimi hendrix experience	experience hendrix - the best of jimi hendrix	1012
bold as love	jimi hendrix experience	experience hendrix - the best of jimi hendrix	1013
manic depression	jimi hendrix experience	experience hendrix - the best of jimi hendrix	1014
purple haze	jimi hendrix experience	experience hendrix - the best of jimi hendrix	1015
voodoo child (slight return)	jimi hendrix experience	experience hendrix - the best of jimi hendrix	1016
astro man	band of gypsies	the jimi hendrix experience	1017
earth blues	band of gypsies	the jimi hendrix experience	1018
ezy ryder	jimi hendrix experience	the jimi hendrix experience	1019
izabella	jimi hendrix experience	the jimi hendrix experience	1020
message to love	band of gypsies	the jimi hendrix experience	1021
taking care of no business	jimi hendrix experience	the jimi hendrix experience	1022
please don't hurt my baby	stevie wonder	a time to love	1023
ain't that asking for trouble	stevie wonder	essential vol.1 & 2	1024
contract on love	stevie wonder	essential vol.1 & 2	1025
hey harmonica man	stevie wonder	essential vol.1 & 2	1026
i'd cry	stevie wonder	essential vol.1 & 2	1027
thank you love	stevie wonder	essential vol.1 & 2	1028
until you come back to me (that's what i'm gonna do)	stevie wonder	essential vol.1 & 2	1029
do like you	stevie wonder	hotter than july	1030
movin' cool (the after party)	outkast	big boi & dre present...	1031
ghettomusick	outkast	speakerboxxx/the love below	1032
love in war	outkast	speakerboxxx/the love below	1033
she's alive	outkast	speakerboxxx/the love below	1034
war	outkast	speakerboxxx/the love below	1035
slum beautiful	outkast	stankonia	1036
spaghetti junction	outkast	stankonia	1037
we luv deez hoez	outkast	stankonia	1038
all shook up	carl perkins	the greatest hits of rock'n'ro	1039
be bop a lula	carl perkins	the greatest hits of rock'n'ro	1040
bird dog	carl perkins	the greatest hits of rock'n'ro	1041
hound dog	carl perkins	the greatest hits of rock'n'ro	1042
matchbox	carl perkins	the greatest hits of rock'n'ro	1043
whole lotta shakin' goin' on	carl perkins	the greatest hits of rock'n'ro	1044
bo diddley	bo diddley	rip it up	1045
shake rattle and roll	joe turner	rip it up	1046
a hazy shade of winter	simon & garfunkel	the definitive simon and garfunkel	1047
the boxer	simon & garfunkel	the definitive simon and garfunkel	1048
wednesday morning 3 am	simon & garfunkel	the definitive simon and garfunkel	1049
a most peculiar man	simon & garfunkel	sounds of silence	1050
anji	simon & garfunkel	sounds of silence	1051
blessed	simon & garfunkel	sounds of silence	1052
leaves that are green	simon & garfunkel	sounds of silence	1053
somewhere they can't find me	simon & garfunkel	sounds of silence	1054
i corinthians 15 55	johnny cash	american vi: ain't no grave	1055
don't take your guns to town	johnny cash	man in black	1056
if i were a carpenter	johnny cash	man in black	1057
ring of fire	johnny cash	man in black	1058
stand by your man	johnny cash	man in black	1059
the night hank williams came to town	johnny cash	man in black	1060
were you there (when they crucified my lord)	johnny cash	man in black	1061
give my love to rose	johnny cash	ring of fire - the legend of johnny cash	1062
god & guns	lynyrd skynyrd	god & guns	1063
still unbroken	lynyrd skynyrd	god & guns	1064
i ain't the one	lynyrd skynyrd	skynyrd's innyrds/their greatest hits	1065
saturday night special	lynyrd skynyrd	skynyrd's innyrds/their greatest hits	1066
that smell	lynyrd skynyrd	skynyrd's innyrds/their greatest hits	1067
full moon night	lynyrd skynyrd	edge of forever	1068
mean streets	lynyrd skynyrd	edge of forever	1069
workin'	lynyrd skynyrd	edge of forever	1070
eye of the tiger	survivor	top 40 rock classics	1071
i want you to want me	cheap trick	top 40 rock classics	1072
layla	derek and the dominos	top 40 rock classics	1073
more than a feeling	boston	top 40 rock classics	1074
anno mundi (the vision)	black sabbath	tyr	1075
feels good to me	black sabbath	tyr	1076
jerusalem	black sabbath	tyr	1077
the law maker	black sabbath	tyr	1078
the sabbath stones	black sabbath	tyr	1079
valhalla	black sabbath	tyr	1080
evil woman	black sabbath	black sabbath	1081
n.i.b.	black sabbath	black sabbath	1082
one world (not three)	police	ghost in the machine	1083
spirits in the material world	police	ghost in the machine	1084
miss gradenko	police	synchronicity	1085
mother	police	synchronicity	1086
o my god	police	synchronicity	1087
wrapped around your finger	police	synchronicity	1088
can't stand losing you	police	greatest hits	1089
walking on the moon	police	greatest hits	1090
heart in your life	bill withers	watching you watching me	1091
oh yeah!	bill withers	watching you watching me	1092
something that turns you on	bill withers	watching you watching me	1093
steppin' right along	bill withers	watching you watching me	1094
we could be sweet lovers	bill withers	watching you watching me	1095
whatever happens	bill withers	watching you watching me	1096
you just can't smile it away	bill withers	watching you watching me	1097
you try to find a love	bill withers	watching you watching me	1098
the error of my ways	solomon burke	nothing's impossible	1099
you needed me	solomon burke	nothing's impossible	1100
soul searchin'	solomon burke	don't give up on me	1101
i got the blues	solomon burke	make do with what you got	1102
it makes no difference	solomon burke	make do with what you got	1103
let somebody love me	solomon burke	make do with what you got	1104
down in the valley	solomon burke	the best of solomon burke	1105
won't you give him (one more chance)	solomon burke	the best of solomon burke	1106
cold as ice	foreigner	the very best and beyond	1107
double vision	foreigner	the very best and beyond	1108
i don't want to live without you	foreigner	the very best and beyond	1109
prisoner of love	foreigner	the very best and beyond	1110
rev on the red line	foreigner	the very best and beyond	1111
say you will	foreigner	the very best and beyond	1112
urgent	foreigner	the very best and beyond	1113
anyway anyhow anywhere	who	the best	1114
i'm a boy	who	the best	1115
who are you?	who	the best	1116
guitar and pen	who	who are you	1117
love is coming down	who	who are you	1118
trick of the light	who	who are you	1119
go to the mirror	who	tommy	1120
overture	who	tommy	1121
american idiot	green day	american idiot	1122
she's a rebel	green day	american idiot	1123
know your enemy	green day	21st century breakdown	1124
having a blast	green day	dookie	1125
longview	green day	dookie	1126
welcome to paradise	green day	dookie	1127
fashion victim	green day	warning	1128
i'm not in love	fun lovin' criminals	lounge-a-palooza	1129
wichita lineman	glen campbell	lounge-a-palooza	1130
zaz turned blue	pj harvey	lounge-a-palooza	1131
heal the world	michael jackson	dangerous	1132
man in the mirror	michael jackson	bad	1133
the way you make me feel	michael jackson	bad	1134
beat it	michael jackson	history - past,present and future	1135
childhood	michael jackson	history - past,present and future	1136
rock with you	michael jackson	history - past,present and future	1137
they don't care about us	michael jackson	history - past,present and future	1138
this time around	michael jackson	history - past,present and future	1139
hard times	ray charles	the birth of soul vol. 2	1140
it's alright	ray charles	the birth of soul vol. 2	1141
i want a little girl	ray charles	the birth of soul vol. 3	1142
i'll take care of you	ray charles	would you believe?	1143
blackjack	ray charles	the birth of soul vol. 1	1144
the midnight hour	ray charles	the birth of soul vol. 1	1145
let's go get stoned	ray charles	the very best of ray charles	1146
unchain my heart	ray charles	the very best of ray charles	1147
dead souls	joy division	still	1148
exercise one	joy division	still	1149
glass	joy division	still	1150
walked in line	joy division	still	1151
atmosphere	joy division	permanent: joy division 1995	1152
love will tear us apart	joy division	permanent: joy division 1995	1153
love will tear us apart (permanent mix)	joy division	permanent: joy division 1995	1154
these days	joy division	permanent: joy division 1995	1155
abdul and cleopatra	modern lovers	the best of jonathan richman and the modern lovers	1156
afternoon	modern lovers	the best of jonathan richman and the modern lovers	1157
back in your life	modern lovers	the best of jonathan richman and the modern lovers	1158
dodge veg-o-matic	modern lovers	the best of jonathan richman and the modern lovers	1159
here come the martian martians	modern lovers	the best of jonathan richman and the modern lovers	1160
ice cream man	modern lovers	the best of jonathan richman and the modern lovers	1161
lonely financial zone	modern lovers	the best of jonathan richman and the modern lovers	1162
pablo picasso	modern lovers	the best of jonathan richman and the modern lovers	1163
daniel and the sacred harp	band	the collection	1164
the great pretender	band	the collection	1165
amazon (river of dreams)	band	jericho	1166
atlantic city	band	jericho	1167
blues stay away from me	band	jericho	1168
stuff you gotta watch	band	jericho	1169
back to memphis	band	high on the hog	1170
crazy mama	band	high on the hog	1171
i'll be home	platters	the great pretender	1172
i'm sorry	platters	the great pretender	1173
my prayer	platters	the great pretender	1174
pledging my love	platters	the great pretender	1175
smoke gets in your eyes	platters	the great pretender	1176
the great pretender	platters	the great pretender	1177
enchanted	platters	remember when	1178
remember when	platters	remember when	1179
higher and higher (your love keeps lifting me)	jackie wilson	100 all time classic dance hit	1180
i'll take you there	staple singers	100 all time classic dance hit	1181
girls got rhythm	ac/dc	highway to hell	1182
highway to hell	ac/dc	highway to hell	1183
night prowler	ac/dc	highway to hell	1184
shake a leg	ac/dc	back in black	1185
for those about to rock (we salute you)	ac/dc	for those about to rock we salute you	1186
let's get it up	ac/dc	for those about to rock we salute you	1187
snowballed	ac/dc	for those about to rock we salute you	1188
rock n roll dream	ac/dc	black ice	1189
hammer to fall	queen	rocks	1190
i can't live with you	queen	rocks	1191
some day one day	queen	queen ii	1192
cosmos rockin	queen	the cosmos rocks	1193
mother love	queen	made in heaven	1194
my life has been saved	queen	made in heaven	1195
good old fashioned lover boy	queen	a day at the races	1196
the miracle	queen	greatest hits ii	1197
oh susannah!	james taylor	sweet baby james	1198
don't let me be lonely tonight	james taylor	the best of james taylor	1199
long ago and far away	james taylor	the best of james taylor	1200
shower the people	james taylor	the best of james taylor	1201
something in the way she moves	james taylor	the best of james taylor	1202
little more time with you	james taylor	greatest hits volume 2	1203
never die young	james taylor	greatest hits volume 2	1204
up on the roof	james taylor	greatest hits volume 2	1205
all night train	allman brothers band	where it all begins	1206
soul shine	allman brothers band	where it all begins	1207
what's done is done	allman brothers band	where it all begins	1208
bad rain	allman brothers band	shades of two worlds	1209
heart of stone	allman brothers band	hittin' the note	1210
old before my time	allman brothers band	hittin' the note	1211
crazy love	allman brothers band	a decade of hits 1969 1979	1212
wasted words	allman brothers band	a decade of hits 1969 1979	1213
by his grace	van morrison	hymns to the silence	1214
i can't stop loving you	van morrison	hymns to the silence	1215
i need your kind of loving	van morrison	hymns to the silence	1216
professional jealousy	van morrison	hymns to the silence	1217
quality street	van morrison	hymns to the silence	1218
underlying depression	van morrison	days like this	1219
only a dream	van morrison	down the road	1220
the beauty of the days gone by	van morrison	down the road	1221
cloud nine	temptations	cloud nine	1222
don't let him take your love from me	temptations	cloud nine	1223
hey girl	temptations	cloud nine	1224
i gotta find a way (to get you back)	temptations	cloud nine	1225
i heard it through the grapevine	temptations	cloud nine	1226
i need your lovin'	temptations	cloud nine	1227
love is a hurtin' thing	temptations	cloud nine	1228
why did she have to leave me (why did she have to go)	temptations	cloud nine	1229
god save the queen	sex pistols	flogging a dead horse	1230
great rock'n'roll swindle	sex pistols	flogging a dead horse	1231
holidays in the sun	sex pistols	flogging a dead horse	1232
i wanna be me	sex pistols	flogging a dead horse	1233
pretty vacant	sex pistols	flogging a dead horse	1234
silly thing	sex pistols	flogging a dead horse	1235
stepping stone	sex pistols	flogging a dead horse	1236
new york	sex pistols	never mind the bollocks	1237
can't give you up	afrika bambaataa	the decade of darkness 1990-2000	1238
freedom	afrika bambaataa	the decade of darkness 1990-2000	1239
in a minute	afrika bambaataa	the decade of darkness 1990-2000	1240
just get up and dance	afrika bambaataa	the decade of darkness 1990-2000	1241
save the world	afrika bambaataa	the decade of darkness 1990-2000	1242
say it loud	afrika bambaataa	the decade of darkness 1990-2000	1243
steppin' hard zulu nation	afrika bambaataa	the decade of darkness 1990-2000	1244
taste the funk	afrika bambaataa	the decade of darkness 1990-2000	1245
new year's resolution	otis redding	king & queen	1246
fa fa fa fa fa (sad song)	otis redding	the definitive otis redding	1247
i'm coming home	otis redding	the definitive otis redding	1248
i've got dreams to remember	otis redding	the definitive otis redding	1249
the match game	otis redding	the definitive otis redding	1250
you left the water running	otis redding	the definitive otis redding	1251
stand by me	otis redding	pain in my heart	1252
cucurrucucu paloma	joan baez	latin hits through the years	1253
granada	frank sinatra	latin hits through the years	1254
time was	flamingos	latin hits through the years	1255
tres palabras	nat cole	latin hits through the years	1256
driveby	neil young	sleeps with angels	1257
trans am	neil young	sleeps with angels	1258
someone's going to rescue you	neil young	le noise	1259
on broadway	neil young	freedom	1260
the ways of love	neil young	freedom	1261
be with you	neil young	are you passionate?	1262
already one	neil young	comes a time	1263
human highway	neil young	comes a time	1264
kaya	bob marley	kaya	1265
misty morning	bob marley	kaya	1266
satisfy my soul	bob marley	kaya	1267
burnin' and lootin'	bob marley	burnin'	1268
one foundation	bob marley	burnin'	1269
turn your lights down low	bob marley	one love the very best of bob marley & the wailers	1270
slave driver	bob marley	catch a fire	1271
stop the train	bob marley	catch a fire	1272
can i have a kiss (for old times' sake)?	isley brothers	mission to please	1273
footsteps in the dark (parts 1 & 2)	isley brothers	the essential	1274
freedom	isley brothers	the essential	1275
harvest for the world	isley brothers	the essential	1276
lay away	isley brothers	the essential	1277
twist and shout	isley brothers	the essential	1278
lucky charm	isley brothers	body kiss	1279
superstar	isley brothers	body kiss	1280
flyin' high (in the friendly sky)	marvin gaye	what's going on	1281
what's happening brother	marvin gaye	what's going on	1282
ain't nothing like the real thing	marvin gaye	anthology	1283
come get to this	marvin gaye	anthology	1284
hitch hike	marvin gaye	anthology	1285
if i could build my whole world around you	marvin gaye	anthology	1286
my mistake (was to love you)	diana ross	anthology	1287
praise	marvin gaye	anthology	1288
try it baby	marvin gaye	anthology	1289
i need a man	eurythmics	greatest hits	1290
thorn in my side	eurythmics	greatest hits	1291
do you want to break up?	eurythmics	savage	1292
shame	eurythmics	savage	1293
i saved the world today	eurythmics	peace	1294
i want it all	eurythmics	peace	1295
peace is just a word	eurythmics	peace	1296
when the day goes down	eurythmics	we too are one	1297
dance to the music	sly & the family stone	different strokes by different folks	1298
family affair	sly & the family stone	different strokes by different folks	1299
i want to take you higher	sly & the family stone	different strokes by different folks	1300
sing a simple song	sly & the family stone	different strokes by different folks	1301
star	sly & the family stone	different strokes by different folks	1302
you can make it if you try	sly & the family stone	different strokes by different folks	1303
spaced cow boy	sly & the family stone	there's a riot goin' on	1304
time	sly & the family stone	there's a riot goin' on	1305
bodhisattva vow	beastie boys	anthology: the sounds of science	1306
get it together	beastie boys	anthology: the sounds of science	1307
intergalactic	beastie boys	anthology: the sounds of science	1308
jimmy james	beastie boys	anthology: the sounds of science	1309
sabotage	beastie boys	anthology: the sounds of science	1310
something's got to give	beastie boys	anthology: the sounds of science	1311
son of neckbone	beastie boys	anthology: the sounds of science	1312
sure shot	beastie boys	anthology: the sounds of science	1313
all you get from love is a love song	carpenters	passage	1314
i just fall in love again	carpenters	passage	1315
man smart woman smarter	carpenters	passage	1316
sweet sweet smile	carpenters	passage	1317
now	carpenters	voice of the heart	1318
sailing on the tide	carpenters	voice of the heart	1319
you're enough	carpenters	voice of the heart	1320
your baby doesn't love you anymore	carpenters	voice of the heart	1321
heaven is a place on earth	belinda carlise	oneshot '80 - volume 7	1322
i love rock n' roll	joan jett	oneshot '80 - volume 7	1323
deja vu	crosby stills nash & young	so far	1324
guinnevere	no artist	so far	1325
helplessly hoping	no artist	so far	1326
ohio	crosby stills nash & young	so far	1327
heartland	crosby stills nash & young	looking forward	1328
queen of them all	crosby stills nash & young	looking forward	1329
feel your love	crosby stills nash & young	american dream	1330
night song	crosby stills nash & young	american dream	1331
shadowland	crosby stills nash & young	american dream	1332
this old house	crosby stills nash & young	american dream	1333
spanish harlem	aretha franklin	la regina:il meglio di a.frank	1334
doctor's orders	aretha franklin	what you see is what you sweat	1335
someone else's eyes	aretha franklin	what you see is what you sweat	1336
make someone happy	aretha franklin	the collection	1337
a change is gonna come	aretha franklin	i never loved a man the way i love you	1338
do right woman do right man	aretha franklin	i never loved a man the way i love you	1339
eat the rich	aerosmith	big ones	1340
rag doll	aerosmith	big ones	1341
dream on	aerosmith	greatest hits 1973-1988	1342
seasons of wither	aerosmith	greatest hits 1973-1988	1343
girls of summer	aerosmith	o,yeah! ultimate aerosmith hits	1344
permanent vacation	aerosmith	permanent vacation	1345
shame on you	aerosmith	done with mirrors	1346
the hop	aerosmith	done with mirrors	1347
chic mystique	chic	chic-ism	1348
chic mystique (reprise)	chic	chic-ism	1349
doin' that thing to me	chic	chic-ism	1350
jusagroove	chic	chic-ism	1351
my love's for real	chic	chic-ism	1352
something you can feel	chic	chic-ism	1353
chic cheer	chic	best of chic	1354
savoir faire	chic	c'est chic	1355
